"","mean","sd","2.5%","25%","50%","75%","97.5%","Rhat","n.eff"
"b3",-0.06247,0.01417,-0.09004,-0.07205,-0.06256,-0.05292,-0.03461,1.002,1800
"deviance",302300,106.6,302100,302200,302300,302400,302500,1.002,1700
"sigma",0.1547,0.01244,0.1313,0.1463,0.1542,0.163,0.1808,1.001,3000
