"","mean","sd","2.5%","25%","50%","75%","97.5%","Rhat","n.eff"
"b3",-0.04221,0.02132,-0.0828,-0.05679,-0.04265,-0.0284,0.001003,1.001,3000
"deviance",38220,31.27,38160,38200,38220,38240,38280,1.001,3000
"sigma",0.1353,0.01136,0.1146,0.1274,0.1348,0.1427,0.1586,1.001,3000
