"","mean","sd","2.5%","25%","50%","75%","97.5%","Rhat","n.eff"
"b3",0.01517,0.02543,-0.03431,-0.001984,0.01501,0.03265,0.06454,1.001,3000
"deviance",19190,25.52,19140,19170,19190,19210,19240,1.001,3000
"sigma",0.09144,0.009703,0.07327,0.08472,0.09134,0.0976,0.1114,1.001,3000
