"","mean","sd","2.5%","25%","50%","75%","97.5%","Rhat","n.eff"
"b3",-0.00759,0.02633,-0.05903,-0.02518,-0.007412,0.009696,0.04404,1.001,3000
"deviance",36500,28.13,36440,36480,36500,36520,36560,1.002,1600
"sigma",0.1362,0.0118,0.1146,0.1279,0.1357,0.1437,0.1602,1.001,3000
