"","mean","sd","2.5%","25%","50%","75%","97.5%","Rhat","n.eff"
"b3",-0.01959,0.02699,-0.07211,-0.03834,-0.0197,-0.00191,0.03477,1.002,1300
"deviance",29550,32.98,29490,29530,29550,29570,29610,1.001,3000
"sigma",0.1789,0.01306,0.1542,0.1701,0.1787,0.1875,0.2056,1.001,3000
