"aou","jags","dic"
"2890","fixed","54539758.9375972"
"2890","randomefx","211376.433408968"
