"","mean","sd","2.5%","25%","50%","75%","97.5%","Rhat","n.eff"
"b3",-0.0141,0.02755,-0.0674,-0.03298,-0.01377,0.004579,0.04064,1.001,3000
"deviance",6924,20.37,6886,6910,6923,6937,6966,1.001,3000
"sigma",0.08951,0.00944,0.0718,0.08299,0.08939,0.09579,0.1086,1.001,3000
